{
  "num_queries": 12,
  "top_k": 10,
  "mrr": 0.9583333333333334,
  "mean_latency_ms": 38.16097566353468,
  "recall@1": 0.9166666666666666,
  "recall@3": 1.0,
  "recall@5": 1.0,
  "recall@10": 1.0
}
